{"__symbolic":"module","version":4,"metadata":{"key":{"__symbolic":"error","message":"Lambda not supported","line":5,"character":19,"module":"./lib/annotations/key"},"form":{"__symbolic":"error","message":"Lambda not supported","line":4,"character":20,"module":"./lib/annotations/form"},"init":{"__symbolic":"error","message":"Lambda not supported","line":5,"character":20,"module":"./lib/annotations/init"},"show":{"__symbolic":"error","message":"Lambda not supported","line":5,"character":20,"module":"./lib/annotations/show"},"hide":{"__symbolic":"error","message":"Lambda not supported","line":5,"character":20,"module":"./lib/annotations/hide"},"join":{"__symbolic":"error","message":"Lambda not supported","line":4,"character":20,"module":"./lib/annotations/join"},"block":{"__symbolic":"error","message":"Lambda not supported","line":6,"character":21,"module":"./lib/annotations/block"},"alias":{"__symbolic":"error","message":"Lambda not supported","line":4,"character":21,"module":"./lib/annotations/alias"},"table":{"__symbolic":"error","message":"Lambda not supported","line":4,"character":21,"module":"./lib/annotations/table"},"field":{"__symbolic":"error","message":"Lambda not supported","line":5,"character":21,"module":"./lib/annotations/field"},"column":{"__symbolic":"error","message":"Lambda not supported","line":5,"character":22,"module":"./lib/annotations/column"},"wizard":{"__symbolic":"error","message":"Lambda not supported","line":5,"character":22,"module":"./lib/annotations/wizard"},"window":{"__symbolic":"error","message":"Lambda not supported","line":5,"character":22,"module":"./lib/annotations/window"},"connect":{"__symbolic":"error","message":"Lambda not supported","line":5,"character":23,"module":"./lib/annotations/connect"},"destroy":{"__symbolic":"error","message":"Lambda not supported","line":5,"character":23,"module":"./lib/annotations/destroy"},"trigger":{"__symbolic":"error","message":"Lambda not supported","line":4,"character":23,"module":"./lib/annotations/trigger"},"database":{"__symbolic":"error","message":"Lambda not supported","line":4,"character":24,"module":"./lib/annotations/database"},"keytrigger":{"__symbolic":"error","message":"Lambda not supported","line":6,"character":26,"module":"./lib/annotations/keytrigger"},"disconnect":{"__symbolic":"error","message":"Lambda not supported","line":5,"character":26,"module":"./lib/annotations/disconnect"},"listofvalues":{"__symbolic":"error","message":"Lambda not supported","line":3,"character":28,"module":"./lib/annotations/listofvalues"},"JOINDefinition":{"__symbolic":"interface"},"BlockDefinition":{"__symbolic":"interface"},"Key":{"__symbolic":"interface"},"keymap":{"enter":0,"escape":1,"undo":2,"paste":3,"close":4,"listval":5,"delete":6,"dublicate":7,"insertafter":8,"insertbefore":9,"commit":10,"rollback":11,"connect":12,"disconnect":13,"nextfield":14,"prevfield":15,"nextblock":16,"prevblock":17,"nextrecord":18,"prevrecord":19,"pageup":20,"pagedown":21,"clearform":22,"clearblock":23,"enterquery":24,"executequery":25,"zoom":26},"TriggerEvent":{"__symbolic":"class","members":{"__ctor__":[{"__symbolic":"constructor","parameters":[{"__symbolic":"reference","name":"string"},{"__symbolic":"reference","name":"number"},{"__symbolic":"reference","name":"any"}]}]}},"Trigger":{"Key":0,"Lock":1,"Typing":2,"MouseClick":3,"MouseDoubleClick":4,"PreField":5,"PostField":6,"PostChange":7,"KeyPrevField":8,"KeyNextField":9,"KeyPrevBlock":10,"KeyNextBlock":11,"KeyEnterQuery":12,"KeyExecuteQuery":13,"WhenValidateField":14,"WhenValidateRecord":15,"PreQuery":16,"PostQuery":17,"PreInsert":18,"PreUpdate":19,"PreDelete":20},"FieldTrigger":{"Key":0,"Typing":1,"MouseClick":2,"MouseDoubleClick":3,"PreField":4,"PostField":5,"PostChange":6,"WhenValidateField":7,"WhenValidateRecord":8},"TriggerFunction":{"__symbolic":"interface"},"KeyTriggerEvent":{"__symbolic":"class","extends":{"__symbolic":"reference","name":"TriggerEvent"},"members":{"__ctor__":[{"__symbolic":"constructor","parameters":[{"__symbolic":"error","message":"Could not resolve type","line":55,"character":23,"context":{"typeName":"Origin"},"module":"./lib/events/TriggerEvent"},{"__symbolic":"reference","name":"string"},{"__symbolic":"reference","name":"FieldInstance"},{"__symbolic":"reference","name":"keymap"},{"__symbolic":"reference","name":"any"}]}]}},"FieldTriggerEvent":{"__symbolic":"class","extends":{"__symbolic":"reference","name":"TriggerEvent"},"members":{"__ctor__":[{"__symbolic":"constructor","parameters":[{"__symbolic":"reference","name":"string"},{"__symbolic":"reference","name":"string"},{"__symbolic":"reference","name":"string"},{"__symbolic":"reference","name":"number"},{"__symbolic":"reference","name":"any"},{"__symbolic":"reference","name":"any"},{"__symbolic":"reference","name":"any"}]}]}},"SQLTriggerEvent":{"__symbolic":"class","extends":{"__symbolic":"reference","name":"TriggerEvent"},"members":{"__ctor__":[{"__symbolic":"constructor","parameters":[{"__symbolic":"reference","name":"string"},{"__symbolic":"reference","name":"number"},{"__symbolic":"reference","name":"Statement"}]}]}},"Menu":{"__symbolic":"interface"},"MenuArea":{"__symbolic":"class","decorators":[{"__symbolic":"call","expression":{"__symbolic":"reference","module":"@angular/core","name":"Component","line":6,"character":1},"arguments":[{"selector":"menuarea","template":"\n\t\t<div #menu></div>\n\t","changeDetection":{"__symbolic":"select","expression":{"__symbolic":"reference","module":"@angular/core","name":"ChangeDetectionStrategy","line":12,"character":23},"member":"OnPush"}}]}],"members":{"elem":[{"__symbolic":"property","decorators":[{"__symbolic":"call","expression":{"__symbolic":"reference","module":"@angular/core","name":"ViewChild","line":22,"character":5},"arguments":["menu",{"read":{"__symbolic":"reference","module":"@angular/core","name":"ElementRef","line":22,"character":30}}]}]}],"__ctor__":[{"__symbolic":"constructor","parameters":[{"__symbolic":"reference","name":"ɵa"},{"__symbolic":"reference","module":"@angular/core","name":"ChangeDetectorRef","line":25,"character":44}]}],"remove":[{"__symbolic":"method"}],"display":[{"__symbolic":"method"}],"ngAfterViewInit":[{"__symbolic":"method"}]}},"MenuEntry":{"__symbolic":"interface"},"DefaultMenu":{"__symbolic":"class","members":{"__ctor__":[{"__symbolic":"constructor"}],"getHandler":[{"__symbolic":"method"}],"getEntries":[{"__symbolic":"method"}]}},"MenuHandler":{"__symbolic":"class","members":{"__ctor__":[{"__symbolic":"constructor"}],"enable":[{"__symbolic":"method"}],"disable":[{"__symbolic":"method"}],"onFormChange":[{"__symbolic":"method"}],"onInit":[{"__symbolic":"method"}],"onConnect":[{"__symbolic":"method"}],"onDisconnect":[{"__symbolic":"method"}],"onTransactionChange":[{"__symbolic":"method"}]},"statics":{"_id":0}},"DefaultMenuHandler":{"__symbolic":"class","extends":{"__symbolic":"reference","name":"MenuHandler"},"members":{"onInit":[{"__symbolic":"method"}],"onConnect":[{"__symbolic":"method"}],"onDisconnect":[{"__symbolic":"method"}],"onFormChange":[{"__symbolic":"method"}],"onTransactionChange":[{"__symbolic":"method"}],"init":[{"__symbolic":"method"}],"connect":[{"__symbolic":"method"}],"disconnect":[{"__symbolic":"method"}],"commit":[{"__symbolic":"method"}],"rollback":[{"__symbolic":"method"}],"clear":[{"__symbolic":"method"}],"cancel":[{"__symbolic":"method"}],"enterFormQuery":[{"__symbolic":"method"}],"executeFormQuery":[{"__symbolic":"method"}],"enterQuery":[{"__symbolic":"method"}],"executeQuery":[{"__symbolic":"method"}],"deleteRecord":[{"__symbolic":"method"}],"insertRecordAfter":[{"__symbolic":"method"}],"insertRecordBefore":[{"__symbolic":"method"}],"nextRecord":[{"__symbolic":"method"}],"prevRecord":[{"__symbolic":"method"}],"nextBlock":[{"__symbolic":"method"}],"prevBlock":[{"__symbolic":"method"}],"pageUp":[{"__symbolic":"method"}],"pageDown":[{"__symbolic":"method"}],"close":[{"__symbolic":"method"}],"showkeymap":[{"__symbolic":"method"}]}},"Form":{"__symbolic":"class","decorators":[{"__symbolic":"call","expression":{"__symbolic":"reference","module":"@angular/core","name":"Component","line":21,"character":1},"arguments":[{"template":""}]}],"members":{"__ctor__":[{"__symbolic":"constructor"}],"focus":[{"__symbolic":"method"}],"groupfields":[{"__symbolic":"method"}],"getBlockFilter":[{"__symbolic":"method"}],"getRowIndicator":[{"__symbolic":"method"}],"getCurrentRow":[{"__symbolic":"method"}],"getCurrentRecord":[{"__symbolic":"method"}],"getBlock":[{"__symbolic":"method"}],"addListOfValues":[{"__symbolic":"method"}],"newform":[{"__symbolic":"method"}],"showform":[{"__symbolic":"method"}],"callform":[{"__symbolic":"method"}],"getCallStack":[{"__symbolic":"method"}],"clearCallStack":[{"__symbolic":"method"}],"getTable":[{"__symbolic":"method"}],"getValue":[{"__symbolic":"method"}],"setValue":[{"__symbolic":"method"}],"cancelled":[{"__symbolic":"method"}],"clear":[{"__symbolic":"method"}],"cancel":[{"__symbolic":"method"}],"close":[{"__symbolic":"method"}],"sendKey":[{"__symbolic":"method"}],"setCallback":[{"__symbolic":"method"}],"addTrigger":[{"__symbolic":"method"}],"addKeyTrigger":[{"__symbolic":"method"}],"enterquery":[{"__symbolic":"method"}],"executequery":[{"__symbolic":"method"}],"prevBlock":[{"__symbolic":"method"}],"nextBlock":[{"__symbolic":"method"}],"execute":[{"__symbolic":"method"}],"addFieldTrigger":[{"__symbolic":"method"}],"ngOnInit":[{"__symbolic":"method"}],"ngAfterViewInit":[{"__symbolic":"method"}],"alert":[{"__symbolic":"method"}]}},"Block":{"__symbolic":"class","members":{"__ctor__":[{"__symbolic":"constructor"}],"getValue":[{"__symbolic":"method"}],"setValue":[{"__symbolic":"method"}],"empty":[{"__symbolic":"method"}],"cancel":[{"__symbolic":"method"}],"sendKey":[{"__symbolic":"method"}],"enterquery":[{"__symbolic":"method"}],"executequery":[{"__symbolic":"method"}],"nextrecord":[{"__symbolic":"method"}],"prevrecord":[{"__symbolic":"method"}],"nextblock":[{"__symbolic":"method"}],"prevblock":[{"__symbolic":"method"}],"pageup":[{"__symbolic":"method"}],"pagedown":[{"__symbolic":"method"}],"createControlRecord":[{"__symbolic":"method"}],"delete":[{"__symbolic":"method"}],"setFieldDefinition":[{"__symbolic":"method"}],"setPossibleValues":[{"__symbolic":"method"}],"showDatePicker":[{"__symbolic":"method"}],"showListOfValues":[{"__symbolic":"method"}],"insert":[{"__symbolic":"method"}],"execute":[{"__symbolic":"method"}],"addListOfValues":[{"__symbolic":"method"}],"addTrigger":[{"__symbolic":"method"}],"addKeyTrigger":[{"__symbolic":"method"}],"addFieldTrigger":[{"__symbolic":"method"}],"alert":[{"__symbolic":"method"}]}},"FieldType":{"date":0,"text":1,"radio":2,"integer":3,"decimal":4,"checkbox":5,"datetime":6,"password":7,"dropdown":8},"FieldInstance":{"__symbolic":"class","decorators":[{"__symbolic":"call","expression":{"__symbolic":"reference","module":"@angular/core","name":"Component","line":14,"character":1},"arguments":[{"selector":"field","template":"<span #container></span>"}]}],"members":{"id$":[{"__symbolic":"property","decorators":[{"__symbolic":"call","expression":{"__symbolic":"reference","module":"@angular/core","name":"Input","line":40,"character":5},"arguments":["id"]}]}],"row$":[{"__symbolic":"property","decorators":[{"__symbolic":"call","expression":{"__symbolic":"reference","module":"@angular/core","name":"Input","line":41,"character":5},"arguments":["row"]}]}],"name$":[{"__symbolic":"property","decorators":[{"__symbolic":"call","expression":{"__symbolic":"reference","module":"@angular/core","name":"Input","line":42,"character":5},"arguments":["name"]}]}],"block$":[{"__symbolic":"property","decorators":[{"__symbolic":"call","expression":{"__symbolic":"reference","module":"@angular/core","name":"Input","line":43,"character":5},"arguments":["block"]}]}],"group$":[{"__symbolic":"property","decorators":[{"__symbolic":"call","expression":{"__symbolic":"reference","module":"@angular/core","name":"Input","line":44,"character":5},"arguments":["group"]}]}],"class$":[{"__symbolic":"property","decorators":[{"__symbolic":"call","expression":{"__symbolic":"reference","module":"@angular/core","name":"Input","line":45,"character":5},"arguments":["class"]}]}],"style$":[{"__symbolic":"property","decorators":[{"__symbolic":"call","expression":{"__symbolic":"reference","module":"@angular/core","name":"Input","line":46,"character":5},"arguments":["style"]}]}],"size$":[{"__symbolic":"property","decorators":[{"__symbolic":"call","expression":{"__symbolic":"reference","module":"@angular/core","name":"Input","line":47,"character":5},"arguments":["size"]}]}],"value$":[{"__symbolic":"property","decorators":[{"__symbolic":"call","expression":{"__symbolic":"reference","module":"@angular/core","name":"Input","line":48,"character":5},"arguments":["value"]}]}],"containerelem":[{"__symbolic":"property","decorators":[{"__symbolic":"call","expression":{"__symbolic":"reference","module":"@angular/core","name":"ViewChild","line":50,"character":5},"arguments":["container",{"read":{"__symbolic":"reference","module":"@angular/core","name":"ElementRef","line":50,"character":35}}]}]}],"__ctor__":[{"__symbolic":"constructor","parameters":[{"__symbolic":"reference","name":"ɵa"}]}],"setPossibleValues":[{"__symbolic":"method"}],"setTextFieldValues":[{"__symbolic":"method"}],"setDropDownValues":[{"__symbolic":"method"}],"focus":[{"__symbolic":"method"}],"blur":[{"__symbolic":"method"}],"addClass":[{"__symbolic":"method"}],"removeClass":[{"__symbolic":"method"}],"validate":[{"__symbolic":"method"}],"enable":[{"__symbolic":"method"}],"disable":[{"__symbolic":"method"}],"setInputState":[{"__symbolic":"method"}],"setType":[{"__symbolic":"method"}],"onEvent":[{"__symbolic":"method"}],"continious":[{"__symbolic":"method"}],"valnumber":[{"__symbolic":"method"}],"valdecimal":[{"__symbolic":"method"}],"ngAfterViewInit":[{"__symbolic":"method"}],"addTriggers":[{"__symbolic":"method"}]}},"FieldDefinition":{"__symbolic":"interface"},"ListOfValues":{"__symbolic":"interface"},"ListOfValuesFunction":{"__symbolic":"interface"},"Case":{"upper":0,"lower":1,"mixed":2},"Column":{"int":0,"date":1,"decimal":2,"integer":3,"varchar":4,"datetime":5},"Condition":{"__symbolic":"class","members":{"__ctor__":[{"__symbolic":"constructor","parameters":[{"__symbolic":"reference","name":"string"},{"__symbolic":"reference","name":"any"},{"__symbolic":"reference","name":"Column"}]}],"datebtwn":[{"__symbolic":"method"}],"getValue":[{"__symbolic":"method"}],"setCondition":[{"__symbolic":"method"}],"error":[{"__symbolic":"method"}],"or":[{"__symbolic":"method"}],"and":[{"__symbolic":"method"}],"where":[{"__symbolic":"method"}],"next":[{"__symbolic":"method"}],"prev":[{"__symbolic":"method"}],"first":[{"__symbolic":"method"}],"last":[{"__symbolic":"method"}],"pop":[{"__symbolic":"method"}],"push":[{"__symbolic":"method"}],"errors":[{"__symbolic":"method"}],"getAllBindvalues":[{"__symbolic":"method"}],"split":[{"__symbolic":"method"}],"toString":[{"__symbolic":"method"}],"clause":[{"__symbolic":"method"}]},"statics":{"id":1}},"Statement":{"__symbolic":"class","members":{"__ctor__":[{"__symbolic":"constructor","parameters":[{"__symbolic":"error","message":"Could not resolve type","line":51,"character":27,"context":{"typeName":"SQLType"},"module":"./lib/database/Statement"}]}],"findtype":[{"__symbolic":"method"}],"rows":[{"__symbolic":"method"}],"isFunction":[{"__symbolic":"method"}],"isSelect":[{"__symbolic":"method"}],"isInsert":[{"__symbolic":"method"}],"isUpdate":[{"__symbolic":"method"}],"isDelete":[{"__symbolic":"method"}],"update":[{"__symbolic":"method"}],"setCondition":[{"__symbolic":"method"}],"pop":[{"__symbolic":"method"}],"push":[{"__symbolic":"method"}],"where":[{"__symbolic":"method"}],"whand":[{"__symbolic":"method"}],"and":[{"__symbolic":"method"}],"or":[{"__symbolic":"method"}],"returnvalue":[{"__symbolic":"method"}],"bind":[{"__symbolic":"method"}],"validate":[{"__symbolic":"method"}],"getCondition":[{"__symbolic":"method"}],"build":[{"__symbolic":"method"}],"buildcall":[{"__symbolic":"method"}],"buildinsert":[{"__symbolic":"method"}],"buildupdate":[{"__symbolic":"method"}],"builddelete":[{"__symbolic":"method"}],"buildselect":[{"__symbolic":"method"}]}},"DatabaseUsage":{"__symbolic":"interface"},"ColumnDefinition":{"__symbolic":"interface"},"DateUtils":{"__symbolic":"class","members":{"parse":[{"__symbolic":"method"}],"format":[{"__symbolic":"method"}]}},"CallBack":{"__symbolic":"interface"},"FormList":{"__symbolic":"class","decorators":[{"__symbolic":"call","expression":{"__symbolic":"reference","module":"@angular/core","name":"Component","line":14,"character":1},"arguments":[{"selector":"formlist","template":"\n\t\t<div #html style=\"display: inline-block; white-space: nowrap;\"></div>\n\t","styles":[]}]}],"members":{"name":[{"__symbolic":"property","decorators":[{"__symbolic":"call","expression":{"__symbolic":"reference","module":"@angular/core","name":"Input","line":33,"character":5},"arguments":["root"]}]}],"elem":[{"__symbolic":"property","decorators":[{"__symbolic":"call","expression":{"__symbolic":"reference","module":"@angular/core","name":"ViewChild","line":34,"character":5},"arguments":["html",{"read":{"__symbolic":"reference","module":"@angular/core","name":"ElementRef","line":34,"character":30}}]}]}],"__ctor__":[{"__symbolic":"constructor","parameters":[{"__symbolic":"reference","name":"ɵa"}]}],"open":[{"__symbolic":"method"}],"print":[{"__symbolic":"method"}],"parse":[{"__symbolic":"method"}],"ngAfterViewInit":[{"__symbolic":"method"}],"setColors":[{"__symbolic":"method"}],"toggle":[{"__symbolic":"method"}],"show":[{"__symbolic":"method"}],"folder":[{"__symbolic":"method"}],"forms":[{"__symbolic":"method"}],"form":[{"__symbolic":"method"}],"pre":[{"__symbolic":"method"}],"indent":[{"__symbolic":"method"}],"half":[{"__symbolic":"method"}],"styles":[{"__symbolic":"method"}]}},"FormArea":{"__symbolic":"class","decorators":[{"__symbolic":"call","expression":{"__symbolic":"reference","module":"@angular/core","name":"Component","line":6,"character":1},"arguments":[{"selector":"formarea","template":"<div #formarea></div>","styleUrls":[]}]}],"members":{"formarea":[{"__symbolic":"property","decorators":[{"__symbolic":"call","expression":{"__symbolic":"reference","module":"@angular/core","name":"ViewChild","line":16,"character":2},"arguments":["formarea",{"read":{"__symbolic":"reference","module":"@angular/core","name":"ElementRef","line":16,"character":31}}]}]}],"__ctor__":[{"__symbolic":"constructor","parameters":[{"__symbolic":"reference","name":"ɵa"}]}],"getFormsArea":[{"__symbolic":"method"}],"ngAfterViewInit":[{"__symbolic":"method"}]}},"WindowOptions":{"__symbolic":"interface"},"FormDefinition":{"__symbolic":"interface"},"Theme":{"__symbolic":"interface"},"Application":{"__symbolic":"class","decorators":[{"__symbolic":"call","expression":{"__symbolic":"reference","module":"@angular/core","name":"Injectable","line":16,"character":1},"arguments":[{"providedIn":"root"}]}],"members":{"__ctor__":[{"__symbolic":"constructor","parameters":[{"__symbolic":"reference","name":"ɵa"},{"__symbolic":"reference","name":"ɵb"},{"__symbolic":"reference","module":"@angular/common/http","name":"HttpClient","line":27,"character":57},{"__symbolic":"reference","name":"ɵc"}]}],"newform":[{"__symbolic":"method"}],"showform":[{"__symbolic":"method"}],"callform":[{"__symbolic":"method"}],"closeform":[{"__symbolic":"method"}],"connect":[{"__symbolic":"method"}],"disconnect":[{"__symbolic":"method"}],"commit":[{"__symbolic":"method"}],"rollback":[{"__symbolic":"method"}],"showKeyMap":[{"__symbolic":"method"}],"alert":[{"__symbolic":"method"}]},"statics":{"ɵprov":{}}},"FormsLibrary":{"__symbolic":"class","decorators":[{"__symbolic":"call","expression":{"__symbolic":"reference","module":"@angular/core","name":"NgModule","line":13,"character":1},"arguments":[{"declarations":[{"__symbolic":"reference","name":"FormList"},{"__symbolic":"reference","name":"FormArea"},{"__symbolic":"reference","name":"ɵd"},{"__symbolic":"reference","name":"MenuArea"},{"__symbolic":"reference","name":"ɵe"},{"__symbolic":"reference","name":"FieldInstance"},{"__symbolic":"reference","name":"ɵf"},{"__symbolic":"reference","name":"ɵg"}],"exports":[{"__symbolic":"reference","name":"FormList"},{"__symbolic":"reference","name":"FormArea"},{"__symbolic":"reference","name":"MenuArea"},{"__symbolic":"reference","name":"FieldInstance"}],"imports":[{"__symbolic":"reference","module":"@angular/common","name":"CommonModule","line":16,"character":19},{"__symbolic":"reference","module":"@angular/common/http","name":"HttpClientModule","line":16,"character":33}]}]}],"members":{}},"ɵa":{"__symbolic":"class","decorators":[{"__symbolic":"call","expression":{"__symbolic":"reference","module":"@angular/core","name":"Injectable","line":5,"character":1},"arguments":[{"providedIn":"root"}]}],"members":{},"statics":{"ɵprov":{}}},"ɵb":{"__symbolic":"class","decorators":[{"__symbolic":"call","expression":{"__symbolic":"reference","module":"@angular/core","name":"Injectable","line":9,"character":1},"arguments":[{"providedIn":"root"}]}],"members":{"__ctor__":[{"__symbolic":"constructor","parameters":[{"__symbolic":"reference","module":"@angular/common/http","name":"HttpClient","line":28,"character":31}]}],"os":[{"__symbolic":"method"}],"load":[{"__symbolic":"method"}],"loaded":[{"__symbolic":"method"}],"ready":[{"__symbolic":"method"}],"notify":[{"__symbolic":"method"}],"setTheme":[{"__symbolic":"method"}]},"statics":{"ɵprov":{}}},"ɵc":{"__symbolic":"class","decorators":[{"__symbolic":"call","expression":{"__symbolic":"reference","module":"@angular/core","name":"Injectable","line":2,"character":1},"arguments":[{"providedIn":"root"}]}],"members":{"__ctor__":[{"__symbolic":"constructor","parameters":[{"__symbolic":"reference","module":"@angular/core","name":"ComponentFactoryResolver","line":9,"character":33},{"__symbolic":"reference","module":"@angular/core","name":"Injector","line":9,"character":76},{"__symbolic":"reference","module":"@angular/core","name":"ApplicationRef","line":9,"character":98}]}],"createComponent":[{"__symbolic":"method"}],"getAppRef":[{"__symbolic":"method"}]},"statics":{"ɵprov":{}}},"ɵd":{"__symbolic":"class","decorators":[{"__symbolic":"call","expression":{"__symbolic":"reference","module":"@angular/core","name":"Component","line":11,"character":1},"arguments":[{"selector":"modalwindow","template":"\n    <div class=\"modalwindow\">\n      <div #window class=\"modalwindow-modal-block\" style=\"top: {{top}}; left: {{left}}\">\n        <div class=\"modalwindow-container\" style=\"width: {{width}}; height: {{height}};\">\n\t\t  <div #topbar class=\"modalwindow-topbar\" style=\"color: {{tcolor}}; background-color: {{bcolor}}\">\n\t\t    <span class=\"modalwindow-center\" style=\"color: {{tcolor}};\">\n\t\t\t\t<span class=\"modalwindow-corner\"></span>\n\t\t\t\t<div #menu></div>\n\t\t\t\t<span class=\"modalwindow-close\">\n\t\t\t\t\t<button class=\"modalwindow-button\" style=\"color: {{btncolor}};\" (click)=\"close()\">X</button>\n\t\t\t\t</span>\n\t\t\t</span>\n\t\t  </div>\n          <div class=\"modalwindow-block\" style=\"margin-top: {{tmargin}};\"><div #content></div></div>\n        </div>\n      </div>\n    </div>\n  ","styles":["\n    .modalwindow\n    {\n        top: 0;\n        left: 0;\n        z-index: 1;\n        width: 100%;\n        height: 100%;\n        display: block;\n        overflow: auto;\n        position: fixed;\n    }\n\n    .modalwindow-modal-block\n    {\n      position: absolute;\n      background-color: #fefefe;\n    }\n\n    .modalwindow-container\n    {\n        position: relative;\n        border: 2px solid black;\n    }\n\n    .modalwindow-topbar\n    {\n        height: 1.70em;\n        margin-left: 0;\n        margin-right: 0;\n        cursor:default;\n\t\tjustify-content: center;\n        border-bottom: 2px solid black;\n    }\n\n\t.modalwindow-corner\n\t{\n\t\twidth: 2.5em;\n\t\tdisplay: block;\n\t\tposition: relative;\n\t}\n\n\t.modalwindow-close\n\t{\n\t\ttop: 0;\n\t\tright: 0;\n\t\twidth: 1.75em;\n\t\theight: 1.70em;\n\t\tposition: absolute;\n\t\tborder-left: 1px solid black;\n\t}\n\n\t.modalwindow-button\n\t{\n\t\ttop: 50%;\n\t\twidth: 100%;\n\t\theight: 100%;\n\t\toutline:none;\n\t\tfont-size: 0.75em;\n\t\tfont-weight: bold;\n\t\tposition: relative;\n\t\tbackground: transparent;\n\t\ttransform: translateY(-50%);\n\t\tborder: 0px solid transparent;\n\t\tbox-shadow: 0px 0px 0px transparent;\n\t\ttext-shadow: 0px 0px 0px transparent;\n\t}\n\n\t.modalwindow-center\n\t{\n\t\ttop: 0;\n\t\tbottom: 0;\n\t\twidth: 93%;\n\t\theight: 100%;\n\t\tdisplay: flex;\n\t\talign-items: center;\n\t\tjustify-content: center;\n\t}\n\n    .modalwindow-block\n    {\n        left: 0;\n        top: 3vh;\n        right: 0;\n        bottom: 0;\n\t\tdisplay: flex;\n        overflow: auto;\n        position: absolute;\n\t\tjustify-content: center;\n    }\n"],"changeDetection":{"__symbolic":"select","expression":{"__symbolic":"reference","module":"@angular/core","name":"ChangeDetectionStrategy","line":124,"character":17},"member":"OnPush"}}]}],"members":{"menuElement":[{"__symbolic":"property","decorators":[{"__symbolic":"call","expression":{"__symbolic":"reference","module":"@angular/core","name":"ViewChild","line":147,"character":5},"arguments":["menu",{"read":{"__symbolic":"reference","module":"@angular/core","name":"ElementRef","line":147,"character":30}}]}]}],"windowElement":[{"__symbolic":"property","decorators":[{"__symbolic":"call","expression":{"__symbolic":"reference","module":"@angular/core","name":"ViewChild","line":148,"character":5},"arguments":["window",{"read":{"__symbolic":"reference","module":"@angular/core","name":"ElementRef","line":148,"character":32}}]}]}],"topbarElement":[{"__symbolic":"property","decorators":[{"__symbolic":"call","expression":{"__symbolic":"reference","module":"@angular/core","name":"ViewChild","line":149,"character":5},"arguments":["topbar",{"read":{"__symbolic":"reference","module":"@angular/core","name":"ElementRef","line":149,"character":32}}]}]}],"contentElement":[{"__symbolic":"property","decorators":[{"__symbolic":"call","expression":{"__symbolic":"reference","module":"@angular/core","name":"ViewChild","line":150,"character":2},"arguments":["content",{"read":{"__symbolic":"reference","module":"@angular/core","name":"ElementRef","line":150,"character":30}}]}]}],"__ctor__":[{"__symbolic":"constructor","parameters":[{"__symbolic":"reference","name":"ɵa"},{"__symbolic":"reference","module":"@angular/core","name":"ChangeDetectorRef","line":171,"character":41}]}],"setForm":[{"__symbolic":"method"}],"getForm":[{"__symbolic":"method"}],"newForm":[{"__symbolic":"method"}],"setWinRef":[{"__symbolic":"method"}],"setApplication":[{"__symbolic":"method"}],"close":[{"__symbolic":"method"}],"closeWindow":[{"__symbolic":"method"}],"resize":[{"__symbolic":"method"}],"display":[{"__symbolic":"method"}],"showmenu":[{"__symbolic":"method"}],"initmenu":[{"__symbolic":"method"}],"ngAfterViewInit":[{"__symbolic":"method"}],"onEvent":[{"__symbolic":"method"}],"startmove":[{"__symbolic":"method"}],"mouseup":[{"__symbolic":"method"}],"movePopup":[{"__symbolic":"method"}],"resizemousemove":[{"__symbolic":"method"}],"startresize":[{"__symbolic":"method"}],"resizePopup":[{"__symbolic":"method"}]}},"ɵe":{"__symbolic":"class","extends":{"__symbolic":"reference","name":"Block"},"decorators":[{"__symbolic":"call","expression":{"__symbolic":"reference","module":"@angular/core","name":"Component","line":15,"character":1},"arguments":[{"selector":"","template":"\n        <table style='margin-top: 20px'>\n          <tr>\n            <td>Username</td><td>: <field name='usr'></field> </td>\n          </tr>\n          <tr>\n            <td>Password</td><td>: <field name='pwd'></field> </td>\n          </tr>\n        </table>\n    "}]}],"members":{"__ctor__":[{"__symbolic":"constructor","parameters":[{"__symbolic":"reference","name":"ɵa"}]}],"setWin":[{"__symbolic":"method"}],"close":[{"__symbolic":"method"}],"onEvent":[{"__symbolic":"method"}],"ngOnInit":[{"__symbolic":"method"}],"ngAfterViewInit":[{"__symbolic":"method"}]}},"ɵf":{"__symbolic":"class","decorators":[{"__symbolic":"call","expression":{"__symbolic":"reference","module":"@angular/core","name":"Component","line":22,"character":1},"arguments":[{"template":"\n        <div class=\"lov\">\n        <table>\n            <tr>\n                <td class=\"lov-center\"><field class=\"lov-search\" size=\"15\" name=\"filter\" block=\"search\"></field></td>\n            </tr>\n\n            <tr class=\"lov-spacer\"></tr>\n\n            <tr *ngFor=\"let item of [].constructor(rows); let row = index\">\n                <td><field class=\"lov-result\" size=\"{{size}}\" name=\"description\" row=\"{{row}}\" block=\"result\"></field></td>\n            </tr>\n\n            <tr class=\"lov-spacer\"></tr>\n        </table>\n        </div>\n    ","styles":["\n            .lov-spacer\n            {\n                height: 8px;\n            }\n\n            .lov-center\n            {\n                border: none;\n                display: flex;\n                justify-content: center;\n            }\n        "]}]}],"members":{"__ctor__":[{"__symbolic":"constructor","parameters":[{"__symbolic":"reference","name":"ɵa"}]}],"setDefinition":[{"__symbolic":"method"}],"setBlockImpl":[{"__symbolic":"method"}],"close":[{"__symbolic":"method"}],"setWin":[{"__symbolic":"method"}],"ngOnInit":[{"__symbolic":"method"}],"ngAfterViewInit":[{"__symbolic":"method"}],"search":[{"__symbolic":"method"}],"execute":[{"__symbolic":"method"}],"prequery":[{"__symbolic":"method"}],"onMouse":[{"__symbolic":"method"}],"onkey":[{"__symbolic":"method"}],"picked":[{"__symbolic":"method"}]}},"ɵg":{"__symbolic":"class","decorators":[{"__symbolic":"call","expression":{"__symbolic":"reference","module":"@angular/core","name":"Component","line":4,"character":1},"arguments":[{"selector":"","template":"\n                <div class=\"wait-modal\">\n                    <canvas #canvas class=\"wait-canvas\" id=\"canvas\"></canvas>\n                    <input #input class=\"wait-input\">\n                </div>\n              ","styles":["\n        .wait-input\n        {\n            width: 0;\n            height: 0;\n        }\n\n        .wait-canvas\n        {\n            top: 25%;\n            left: 40%;\n            width: 320px;\n            height: 160px;\n            position: fixed;\n        }\n\n        .wait-modal\n        {\n            top: 0;\n            left: 0;\n            z-index: 1;\n            opacity: 1;\n            width: 100%;\n            height: 100%;\n            display: block;\n            overflow: auto;\n            position: fixed;\n            box-shadow: inset 0px 0px 400px 110px rgba(0, 0, 0, .2);\n        }\n        "]}]}],"members":{"inputElement":[{"__symbolic":"property","decorators":[{"__symbolic":"call","expression":{"__symbolic":"reference","module":"@angular/core","name":"ViewChild","line":102,"character":5},"arguments":["input",{"read":{"__symbolic":"reference","module":"@angular/core","name":"ElementRef","line":102,"character":31}}]}]}],"canvasElement":[{"__symbolic":"property","decorators":[{"__symbolic":"call","expression":{"__symbolic":"reference","module":"@angular/core","name":"ViewChild","line":103,"character":5},"arguments":["canvas",{"read":{"__symbolic":"reference","module":"@angular/core","name":"ElementRef","line":103,"character":32}}]}]}],"ngAfterViewInit":[{"__symbolic":"method"}],"focus":[{"__symbolic":"method"}],"showrunning":[{"__symbolic":"method"}]},"statics":{"ready":false,"displayed":false,"win":null,"waiting":{"__symbolic":"function","parameters":[],"value":{"__symbolic":"select","expression":{"__symbolic":"reference","name":"ɵg"},"member":"displayed"}}}}},"origins":{"key":"./lib/annotations/key","form":"./lib/annotations/form","init":"./lib/annotations/init","show":"./lib/annotations/show","hide":"./lib/annotations/hide","join":"./lib/annotations/join","block":"./lib/annotations/block","alias":"./lib/annotations/alias","table":"./lib/annotations/table","field":"./lib/annotations/field","column":"./lib/annotations/column","wizard":"./lib/annotations/wizard","window":"./lib/annotations/window","connect":"./lib/annotations/connect","destroy":"./lib/annotations/destroy","trigger":"./lib/annotations/trigger","database":"./lib/annotations/database","keytrigger":"./lib/annotations/keytrigger","disconnect":"./lib/annotations/disconnect","listofvalues":"./lib/annotations/listofvalues","JOINDefinition":"./lib/annotations/JOINDefinitions","BlockDefinition":"./lib/annotations/BlockDefinition","Key":"./lib/keymap/KeyMap","keymap":"./lib/keymap/KeyMap","TriggerEvent":"./lib/events/TriggerEvent","Trigger":"./lib/events/Triggers","FieldTrigger":"./lib/events/Triggers","TriggerFunction":"./lib/events/TriggerFunction","KeyTriggerEvent":"./lib/events/TriggerEvent","FieldTriggerEvent":"./lib/events/TriggerEvent","SQLTriggerEvent":"./lib/events/TriggerEvent","Menu":"./lib/menu/Menu","MenuArea":"./lib/menu/MenuArea","MenuEntry":"./lib/menu/MenuEntry","DefaultMenu":"./lib/menu/DefaultMenu","MenuHandler":"./lib/menu/MenuHandler","DefaultMenuHandler":"./lib/menu/DefaultMenuHandler","Form":"./lib/forms/Form","Block":"./lib/blocks/Block","FieldType":"./lib/input/FieldType","FieldInstance":"./lib/input/FieldInstance","FieldDefinition":"./lib/input/FieldDefinition","ListOfValues":"./lib/listval/ListOfValues","ListOfValuesFunction":"./lib/listval/ListOfValuesFunction","Case":"./lib/database/Case","Column":"./lib/database/Column","Condition":"./lib/database/Condition","Statement":"./lib/database/Statement","DatabaseUsage":"./lib/database/DatabaseUsage","ColumnDefinition":"./lib/database/ColumnDefinition","DateUtils":"./lib/dates/DateUtils","CallBack":"./lib/forms/Form","FormList":"./lib/menu/FormList","FormArea":"./lib/forms/FormArea","WindowOptions":"./lib/forms/WindowOptions","FormDefinition":"./lib/forms/FormsDefinition","Theme":"./lib/application/Themes","Application":"./lib/application/Application","FormsLibrary":"./lib/FormsLibrary","ɵa":"./lib/application/Context","ɵb":"./lib/application/Config","ɵc":"./lib/utils/Builder","ɵd":"./lib/forms/ModalWindow","ɵe":"./lib/database/LoginForm","ɵf":"./lib/listval/ListOfValuesImpl","ɵg":"./lib/utils/Wait"},"importAs":"forms"}